# Functions over the C901 complexity threshold, with the score each has today.
# Regenerate with `scripts/complexity_budget.py --update`; see that file's
# docstring. An entry is debt to delete by simplifying, not a permanent
# exemption -- the number may only go down.
#
# path	function	complexity
cad/palette-v2/build.py	build	24
python/lerobot_robot_tatbot/src/lerobot_robot_tatbot/estop.py	_run	19
python/lerobot_robot_tatbot/src/lerobot_robot_tatbot/goldens.py	apply_arm_golden	18
python/lerobot_robot_tatbot/src/lerobot_robot_tatbot/motion_safety.py	update	19
python/lerobot_robot_tatbot/src/lerobot_robot_tatbot/recovery.py	_run_monitored_phase	12
python/lerobot_robot_tatbot/src/lerobot_robot_tatbot/recovery.py	land_arm	14
python/lerobot_robot_tatbot/src/lerobot_robot_tatbot/tatbot_follower.py	send_action	33
python/tatbot_contracts/src/tatbot_contracts/body.py	_validate_body_spec	24
python/tatbot_contracts/src/tatbot_contracts/body.py	bootstrap	15
python/tatbot_contracts/src/tatbot_contracts/body.py	validate_spec	19
python/tatbot_contracts/src/tatbot_contracts/body.py	verify_cache	14
python/tatbot_sim/src/tatbot_sim/evaluation.py	build_evaluation_report	18
python/tatbot_sim/src/tatbot_sim/evaluation.py	evaluate_dataset	18
python/tatbot_sim/src/tatbot_sim/expert.py	reset	11
python/tatbot_sim/src/tatbot_sim/fiducial_benchmark.py	main	18
python/tatbot_sim/src/tatbot_sim/generate.py	main	45
python/tatbot_sim/src/tatbot_sim/human_rep/artwork_client.py	artwork_request	12
python/tatbot_sim/src/tatbot_sim/human_rep/contracts.py	_draw_samples_manifest	12
python/tatbot_sim/src/tatbot_sim/human_rep/contracts.py	_execution_program	24
python/tatbot_sim/src/tatbot_sim/human_rep/contracts.py	_ink_program	22
python/tatbot_sim/src/tatbot_sim/human_rep/contracts.py	_simple_research_contract	19
python/tatbot_sim/src/tatbot_sim/human_rep/contracts.py	_surface_curve	15
python/tatbot_sim/src/tatbot_sim/human_rep/contracts.py	_surface_placement	11
python/tatbot_sim/src/tatbot_sim/human_rep/contracts.py	_tattoo_program	24
python/tatbot_sim/src/tatbot_sim/human_rep/contracts.py	validate_contract	13
python/tatbot_sim/src/tatbot_sim/human_rep/ink_program.py	compile_ink_program	22
python/tatbot_sim/src/tatbot_sim/human_rep/ink_program.py	material_strokes	11
python/tatbot_sim/src/tatbot_sim/human_rep/registration.py	fit_rigid_landmarks	12
python/tatbot_sim/src/tatbot_sim/human_rep/registration_suite.py	run_synthetic_observability	12
python/tatbot_sim/src/tatbot_sim/human_rep/review.py	validate_release_gates	27
python/tatbot_sim/src/tatbot_sim/human_rep/tattoo_program.py	tattoo_program_from_materialization	11
python/tatbot_sim/src/tatbot_sim/inkmap/artwork_qualification.py	qualify	17
python/tatbot_sim/src/tatbot_sim/inkmap/collection.py	collection_entries	14
python/tatbot_sim/src/tatbot_sim/inkmap/compiler.py	compile_scenario	12
python/tatbot_sim/src/tatbot_sim/inkmap/contracts.py	validate_placement	13
python/tatbot_sim/src/tatbot_sim/inkmap/contracts.py	validate_scenario	28
python/tatbot_sim/src/tatbot_sim/inkmap/design_strokes.py	design_strokes	11
python/tatbot_sim/src/tatbot_sim/inkmap/gltf_surface.py	load_canonical_surface	12
python/tatbot_sim/src/tatbot_sim/inkmap/inklang_client.py	validate_resolution	13
python/tatbot_sim/src/tatbot_sim/inkmap/perception.py	render_perception_labels	17
python/tatbot_sim/src/tatbot_sim/inkmap/perception_audit.py	audit_corpus	12
python/tatbot_sim/src/tatbot_sim/inkmap/perception_audit.py	audit_frame	30
python/tatbot_sim/src/tatbot_sim/inkmap/pilot.py	audit_pilot_plan	20
python/tatbot_sim/src/tatbot_sim/inkmap/pilot.py	load_pilot_spec	16
python/tatbot_sim/src/tatbot_sim/inkmap/program_target.py	render_program_target	12
python/tatbot_sim/src/tatbot_sim/inkmap/reach.py	_optimize_body_placement	17
python/tatbot_sim/src/tatbot_sim/inkmap/rig.py	load_body_rig	12
python/tatbot_sim/src/tatbot_sim/inkmap/sampler.py	materialize_scenario_suite	22
python/tatbot_sim/src/tatbot_sim/inkmap/surface_trace.py	unfold_body_patch	15
python/tatbot_sim/src/tatbot_sim/inkmap/svg_strokes.py	_path_strokes	23
python/tatbot_sim/src/tatbot_sim/inkmap/svg_strokes.py	_shape_strokes	16
python/tatbot_sim/src/tatbot_sim/inkmap/svg_strokes.py	_transform_matrix	13
python/tatbot_sim/src/tatbot_sim/inkmap/svg_strokes.py	compile_svg_strokes	11
python/tatbot_sim/src/tatbot_sim/language.py	sample_scene	18
python/tatbot_sim/src/tatbot_sim/lerobot_writer.py	add_steps	11
python/tatbot_sim/src/tatbot_sim/planning.py	plan_batch	23
python/tatbot_sim/src/tatbot_sim/policy_worker.py	__init__	11
python/tatbot_sim/src/tatbot_sim/policy_worker.py	dispatch	14
python/tatbot_sim/src/tatbot_sim/strokes.py	build_ee_trajectory	13
python/tatbot_sim/src/tatbot_sim/strokes.py	sample_maze	14
python/tatbot_sim/src/tatbot_sim/temporal_labels.py	audit_timeline	14
python/tatbot_sim/src/tatbot_sim/urdf.py	_drop_right_finger	12
scripts/eval/sim_policy_eval.py	_run_episode	15
scripts/eval/sim_policy_eval.py	run	13
scripts/eval/sim_policy_protocol.py	_validate_descriptors	11
scripts/eval/wire_client.py	observation_from_worker	14
scripts/export_scan.py	cmd_build	12
scripts/export_scan.py	cmd_check_drift	11
scripts/export_scan.py	cmd_self_test	13
scripts/export_scan.py	scan_tree	19
scripts/il_analyze_rollout.py	analyze	14
scripts/il_analyze_rollout.py	compare	11
scripts/il_touchoff.py	main	23
scripts/il_touchoff.py	pivot_mode	21
scripts/ink.py	cmd_session	16
scripts/inkmap_release.py	audit_packet	20
scripts/lib/ink_program.py	resolve_dips	13
scripts/lib/ink_spec.py	mise_en_place	18
scripts/lib/ink_spec.py	replay	12
scripts/lib/lerobot_patch_engine.py	apply_patches	12
scripts/lib/lerobot_patch_engine.py	plan_patches	17
scripts/lib/pen_path.py	preflight	18
scripts/lib/pen_path.py	write_samples_csv	14
scripts/lib/rig_power.py	do_sleep	18
scripts/lib/rig_power.py	do_wake	38
scripts/lib/stencil_frame.py	build	24
scripts/lib/tatbot_cli/aliases.py	translate	18
scripts/lib/tatbot_cli/cli.py	_main	13
scripts/lib/tatbot_cli/cli.py	dispatch	52
scripts/lib/tatbot_cli/cli.py	parse_globals	31
scripts/lib/tatbot_cli/completion.py	bash	13
scripts/lib/tatbot_cli/schema.py	as_markdown	27
scripts/lib/tatbot_cli/selfcheck.py	check_registry	22
scripts/lib/tatbot_cli/status.py	_systemd_services	11
scripts/lib/tatbot_cli/status.py	_validate_remote	11
scripts/lib/tatbot_cli/status.py	collect	17
scripts/lib/tatbot_runlog.py	prune	15
scripts/lib/tatbot_runlog.py	why_not_deletable	12
scripts/lib/tool_spec.py	_validate	14
scripts/lib/tool_spec.py	body_pose_qualification	21
scripts/lib/tool_spec.py	load_substrate	12
scripts/lib/tool_spec.py	parse_simple_yaml	11
scripts/lib/tool_spec.py	validate_body_pose_report	29
scripts/sim_cinematic.py	main	35
scripts/sim_dataset_audit.py	main	60
scripts/sim_preview.py	main	13
scripts/tests/test_body_shared.py	test_bootstrap_audit_and_runtime_refuse_same_cache_bytes	11
scripts/tests/test_cli_rig.py	test_wake_clears_sleep_only_after_services_and_markers_succeed	11
scripts/tests/test_cli_rig.py	test_wake_clears_the_marker_on_the_node_that_slept_the_rig	11
scripts/tests/test_inklang.py	test_no_phrase_resolves_to_two_things	12
scripts/train/dataset.py	compare_features	11
scripts/train/dataset.py	main	14
scripts/train/dataset.py	normalize_tasks_for_episode_ranges	16
scripts/train/manifest_job.py	build_command	18
scripts/train/node_profile.py	main	13
scripts/train/sampler.py	main	11
scripts/train/tb_bridge.py	main	14
scripts/vision/compare_fiducial_detectors.py	compare	14
scripts/vision/ee_fiducial.py	estimate	13
scripts/vision/ee_fiducial.py	load	16
scripts/vision/ee_tracker.py	main	29
scripts/vision/evaluate_ee_tracker.py	main	20
scripts/vision/export_wrist_tags.py	validate_record	13
scripts/vision/fiducials/config.py	load_inventory	26
scripts/vision/fiducials/detector.py	detect	12
scripts/vision/surface_replay.py	evaluate	16
scripts/vision/surface_replay.py	step	14
scripts/vision/surface_replay.py	synthetic_frames	11
scripts/vision/surface_rgbd.py	evaluate	22
scripts/vision/surface_rgbd.py	evaluate_stationary_depth	11
scripts/vision/surface_rgbd.py	main	14
scripts/vision/surface_rgbd.py	recording_frames	15
scripts/vision/visiond_wire.py	latest_socket_sets	17
